{
  "steel_grade": "MHH",
  "n_pairs": 4,
  "fits": {
    "C1": {
      "form": "exp_decay",
      "params": [
        454721.84939289937,
        0.8153003783889554,
        472640.17593322863
      ],
      "r2": 0.9239912519687681,
      "n_points": 12
    },
    "C2": {
      "form": "exp_decay",
      "params": [
        132849.2735710358,
        0.586017343363151,
        58925.590664972755
      ],
      "r2": 0.8703477647613523,
      "n_points": 12
    },
    "C3": {
      "form": "exp_decay",
      "params": [
        11423763.383340377,
        7.4115898056820795,
        26704.06617235151
      ],
      "r2": 0.9097817822255299,
      "n_points": 12
    },
    "C4": {
      "form": "exp_power",
      "params": [
        14517.029947855917,
        -0.18516490601060026,
        0.008139501827733873
      ],
      "r2": 0.9940506263872317,
      "n_points": 12
    },
    "gamma1": {
      "form": "exp_constant",
      "params": [
        3841.966037810707,
        -0.6720788752755376,
        1603.7784364577312
      ],
      "r2": 0.8955316810689378,
      "n_points": 11
    },
    "gamma2": {
      "form": "exp_decay",
      "params": [
        1153.906027928979,
        1.6298651211110367,
        381.9568114266204
      ],
      "r2": 0.9992920620641096,
      "n_points": 9
    },
    "gamma3": {
      "form": "exp_decay",
      "params": [
        69.8994932946639,
        0.9715999274359353,
        94.12926478993413
      ],
      "r2": 0.9539241509276852,
      "n_points": 13
    },
    "gamma4": {
      "form": "exp_power",
      "params": [
        28.483361796293128,
        -0.130957372658668,
        0.006011663630186103
      ],
      "r2": 0.9973985147472468,
      "n_points": 10
    }
  }
}