{
  "steel_grade": "MHH",
  "chaboche_isotropic_source": "Chaboche/3p/top5_parameters.json (rank=1)",
  "Q": -300.866380541903,
  "b": 252.2271724990234,
  "E_MPa": 209682.20326135893,
  "sigy0_MPa": 490.83513056753026,
  "n_segments": 7,
  "segment_eps_p": [
    0.0,
    0.0013724779949749874,
    0.0035924285160748547,
    0.007467467271742897,
    0.019626943015189725,
    0.03576911055826753,
    0.05351352904148297,
    0.06490432516627409
  ],
  "segment_alpha": [
    0.0,
    390.1870059648163,
    560.0917371835561,
    717.2990042218742,
    937.5024756411692,
    1069.5432229297683,
    1139.3533014937361,
    1158.1063836022872
  ],
  "zeta": [
    728.6091315571325,
    278.36322853060307,
    133.91421262521334,
    50.95036956219203,
    27.957083203704766,
    18.686863264517903,
    15.407293696347143
  ],
  "r": [
    285.14389683987656,
    129.2058479012616,
    167.71627323673914,
    194.89071832559495,
    151.86367733289032,
    122.4316179339189,
    106.85435203200574
  ],
  "C_MPa": [
    207758.44704531904,
    35966.15696682922,
    22459.59267493306,
    9929.754122930133,
    4245.665462816188,
    2287.8629035848403,
    1646.3363844899804
  ],
  "gamma": [
    728.6091315571325,
    278.36322853060307,
    133.91421262521334,
    50.95036956219203,
    27.957083203704766,
    18.686863264517903,
    15.407293696347143
  ]
}